Posição;Familia;Característica;ICC;IC 95% inferior;IC 95% superior
1;Sintáticas;N medio noun frase;0.59;0.38;0.78
2;Estruturais;Comprimento medio frases palavras;0.56;0.34;0.83
3;Sintáticas;Profundidade media dep;0.52;0.25;0.78
4;Lexicais;Frequência relativa da palavra pelos;0.52;0.17;0.63
5;Sintáticas;N medio adj frase;0.48;0.21;0.64
6;Lexicais;Frequência relativa da palavra sobre;0.47;0.31;0.55
7;N-gramas_caracteres;Frequência n-grama a a;0.43;0.21;0.63
8;Sintáticas;Profundidade mediana dep;0.42;-0.16;0.78
9;Sintáticas;N medio verb frase;0.41;0.16;0.55
10;Sintáticas;Ratio svs per frase;0.39;0.21;0.66
11;Estruturais;N medio palavras paragrafo;0.37;0.24;0.46
12;Lexicais;Frequência relativa da palavra em;0.36;0.18;0.47
13;Sintáticas;N medio adp frase;0.34;0.12;0.53
14;Lexicais;Frequência relativa da palavra como;0.34;0.07;0.44
15;N-gramas_caracteres;Frequência n-grama a e;0.33;0.16;0.49
16;Estruturais;N paragrafos por 1000 palavras;0.32;0.17;0.52
17;Estruturais;N medio frases paragrafo;0.3;0.18;0.39
18;N-gramas_caracteres;Frequência n-grama e d;0.3;0.18;0.34
19;Estruturais;Frequência relativa de reticencias;0.3;0.02;0.55
20;Lexicais;Ttr raw;0.29;0.16;0.39
